store_id,clinic_name,store_name,Zipcode,adress,access,image_path
zenyum_001,ゼニュム,赤坂さくら歯科クリニック（赤坂）,〒107-0052,東京都港区赤坂5丁目4-6 赤坂三辻ビル5F,東京メトロ千代田線「赤坂駅」7番出口より徒歩1分
zenyum_002,ゼニュム,おおじま駅前歯科・大島駅前矯正歯科（大島）,〒136-0072,東京都江東区大島6丁目26-7 太田ビル1F,都営新宿線「大島駅」A6出口より徒歩1分
zenyum_003,ゼニュム,サファイアデンタルクリニック（新宿）,〒160-0022,東京都新宿区新宿5-11-1 ホーメスト新宿ビル5F,東京メトロ丸ノ内線・副都心線・都営新宿線「新宿三丁目駅」C7出口より徒歩2分
zenyum_004,ゼニュム,Aクリニックデンタル(銀座),〒104-0061,東京都中央区銀座5丁目13-19 デュープレックス銀座タワー5/13 12階,東京メトロ日比谷線・都営浅草線「東銀座駅」4番出口より徒歩1分
zenyum_005,ゼニュム,緑のテラス歯科クリニック（流山おおたかの森）,〒270-0139,千葉県流山市おおたかの森南1-5-1 おおたかの森SC本館3F,つくばエクスプレス・東武アーバンパークライン「流山おおたかの森駅」南口直結
zenyum_006,ゼニュム,新福島ホワイトノア歯科・矯正歯科（大阪）,〒553-0003,大阪府大阪市福島区福島4-5-47,JR東西線「新福島駅」2番出口より徒歩3分／阪神本線「福島駅」より徒歩5分
zenyum_007,ゼニュム,宝塚あさひ歯科クリニック（宝塚市）,〒665-0835,兵庫県宝塚市旭町3丁目22-9 ランドマーク宝塚2F,阪急今津線「小林駅」徒歩13分／阪急バス「旭町3丁目」下車すぐ
zenyum_008,ゼニュム,デュランタデンタルクリニック栄歯科・矯正歯科,〒460-0003,愛知県名古屋市中区錦3丁目15-33 アルティメイト錦大津通7F,地下鉄東山線・名城線「栄駅」1番出口より徒歩2分
zenyum_009,ゼニュム,仙台駅前歯科・矯正歯科(仙台),〒980-0021,宮城県仙台市青葉区中央1丁目8-40 井門仙台駅前ビル5F,JR「仙台駅」西口より徒歩2分
zenyum_010,ゼニュム,スコーネデンタルオフィス（伊勢崎市）,〒372-0006,群馬県伊勢崎市西久保町1丁目383-1,JR両毛線「国定駅」より車で約7分／伊勢崎市民病院近く
zenyum_011,ゼニュム,TOCHIGI DENTAL CLINIC（栃木市）,〒328-0042,栃木県栃木市神田町40-1,東武日光線「新栃木駅」より徒歩15分／栃木市役所近く
zenyum_012,ゼニュム,天神オーラルケアクリニック（福岡）,〒810-0041,福岡県福岡市中央区大名2丁目1-4 ステージ1西通り5F A号室,福岡市地下鉄空港線「天神駅」2番出口より徒歩3分
zenyum_013,ゼニュム,横田矯正歯科クリニック（福岡）,〒810-0041,福岡県福岡市中央区大名1丁目14-45 Qiz TENJIN 6F,福岡市地下鉄空港線「天神駅」より徒歩5分
zenyum_014,ゼニュム,わかまつ歯科医院（札幌）,〒062-0034,北海道札幌市豊平区西岡4条10丁目3-20,北海道中央バス「西岡3条9丁目」停留所より徒歩2分
kireiline_001,キレイライン矯正,アルディバラン渋谷デンタルクリニック,〒150-0002,東京都渋谷区渋谷3-18-8 大野ビル5F,JR「渋谷駅」新南口より徒歩2分
kireiline_002,キレイライン矯正,新宿駅前矯正歯科クリニック,〒160-0022,東京都新宿区新宿3-36-6 大安ビル8F,JR「新宿駅」中央東口より徒歩1分
kireiline_003,キレイライン矯正,池袋DDデンタルクリニック,〒171-0022,東京都豊島区南池袋1-21-5 第7野萩ビル3F,JR「池袋駅」東口より徒歩2分
kireiline_004,キレイライン矯正,新橋DDデンタルクリニック,〒105-0004,東京都港区新橋2-19-2 リプロ新橋4F,JR「新橋駅」銀座口より徒歩1分
kireiline_005,キレイライン矯正,コレクトデンタルクリニック 八王子,〒192-0083,東京都八王子市旭町12-18 ひのき八王子ビル3F,JR「八王子駅」北口より徒歩2分
kireiline_006,キレイライン矯正,コレクトデンタルクリニック 吉祥寺,〒180-0004,東京都武蔵野市吉祥寺本町1-13-6 古谷ビル3F,JR「吉祥寺駅」北口より徒歩2分
kireiline_007,キレイライン矯正,空港口24時間歯科・小児歯科医院 江戸川,〒134-0084,東京都江戸川区東葛西6-1-17 第6カネ長ビル1F,東京メトロ東西線「葛西駅」中央口より徒歩2分
kireiline_008,キレイライン矯正,哲学堂デンタルクリニック,〒165-0024,東京都中野区松が丘2-2-15,西武新宿線「新井薬師前駅」より徒歩10分
kireiline_009,キレイライン矯正,さくら歯科クリニック,〒166-0001,東京都杉並区阿佐谷北1-3-8 グリーンパークビル2F,JR「阿佐ヶ谷駅」北口より徒歩2分
kireiline_010,キレイライン矯正,デンタルサロン麹町,〒102-0083,東京都千代田区麹町4-5-20 KSビル2F,東京メトロ有楽町線「麹町駅」2番出口より徒歩1分
kireiline_011,キレイライン矯正,伊藤歯科医院,〒166-0004,東京都杉並区阿佐谷南1-9-5,JR「阿佐ヶ谷駅」南口より徒歩3分
kireiline_012,キレイライン矯正,うぐいす谷駅前歯科,〒110-0003,東京都台東区根岸1-8-18 高松ビル1F,JR「鶯谷駅」南口より徒歩1分
kireiline_013,キレイライン矯正,赤坂さくら歯科クリニック,〒107-0052,東京都港区赤坂5丁目4-6 赤坂三辻ビル5F,東京メトロ千代田線「赤坂駅」7番出口より徒歩1分
kireiline_014,キレイライン矯正,吉祥寺まさむねデンタルクリニック,〒180-0004,東京都武蔵野市吉祥寺本町2-2-7 プラザオギノ2F,JR「吉祥寺駅」北口より徒歩3分
kireiline_015,キレイライン矯正,おおじま駅前歯科・大島駅前矯正歯科,〒136-0072,東京都江東区大島6丁目26-7 太田ビル1F,都営新宿線「大島駅」A6出口より徒歩1分
kireiline_016,キレイライン矯正,デンタルサロン ナチュール銀座,〒104-0061,東京都中央区銀座1-8-21 清光堂ビル2F,東京メトロ有楽町線「銀座一丁目駅」9番出口より徒歩1分
kireiline_017,キレイライン矯正,下北沢デンタルケアオフィス,〒155-0031,東京都世田谷区北沢2-26-25 アーロム下北沢2F,小田急線・京王井の頭線「下北沢駅」東口より徒歩1分
kireiline_018,キレイライン矯正,あずさ歯科クリニック麴町,〒102-0083,東京都千代田区麹町4-5-20 KSビル1F,東京メトロ有楽町線「麹町駅」2番出口より徒歩1分
kireiline_019,キレイライン矯正,原宿ファースト歯科,〒150-0001,東京都渋谷区神宮前1-10-34 原宿コーポ別館1F,JR「原宿駅」竹下口より徒歩2分
kireiline_020,キレイライン矯正,アヤデンタルオフィス,〒150-0001,東京都渋谷区神宮前6-19-16 U-naturaビル2F,東京メトロ千代田線・副都心線「明治神宮前駅」7番出口より徒歩3分
kireiline_021,キレイライン矯正,初台 はまだ歯科・矯正歯科,〒151-0061,東京都渋谷区初台1-51-1 初台センタービル1F,京王新線「初台駅」北口より徒歩1分
kireiline_022,キレイライン矯正,コレクトデンタルクリニック 札幌,〒060-0001,北海道札幌市中央区北1条西3丁目3-11 桂和北1条ビル7F,地下鉄南北線「さっぽろ駅」より徒歩5分
kireiline_023,キレイライン矯正,関歯科・口腔医療クリニック,〒501-3932,岐阜県関市稲口845-1,長良川鉄道「関口駅」より車で約5分
kireiline_024,キレイライン矯正,仙台青葉矯正歯科クリニック,〒980-0021,宮城県仙台市青葉区中央2-2-10 仙都会館ビル5F,JR「仙台駅」西口より徒歩5分
kireiline_025,キレイライン矯正,奥州仙臺Premium デンタルクリニック卸町,〒984-0042,宮城県仙台市若林区大和町5-30-25,仙台市営地下鉄東西線「卸町駅」より徒歩10分
kireiline_026,キレイライン矯正,奥州PremiumMT歯科・矯正歯科 仙台駅西口,〒980-0021,宮城県仙台市青葉区中央3-6-8 JTB仙台ビル2F,JR「仙台駅」西口より徒歩3分
kireiline_027,キレイライン矯正,くるみ歯科医院,〒981-3133,宮城県仙台市泉区泉中央1-23-4 ノースファンシービル2F,仙台市営地下鉄南北線「泉中央駅」より徒歩3分
kireiline_028,キレイライン矯正,医療法人 西原歯科医院,〒963-8025,福島県郡山市桑野2-34-13,JR「郡山駅」より車で約10分
kireiline_029,キレイライン矯正,郡山ラポール歯科,〒963-8025,福島県郡山市桑野2-34-13,JR「郡山駅」より車で約10分
kireiline_030,キレイライン矯正,奥州福島Premiumデンタルクリニック,〒960-8031,福島県福島市栄町6-6 NBFユニックスビル2F,JR「福島駅」東口より徒歩2分
kireiline_031,キレイライン矯正,ファミリーとシニアの歯科医院 イオン福島診療所,〒960-0112,福島県福島市南矢野目字西荒田50-17 イオン福島店1F,JR「福島駅」より車で約15分
kireiline_032,キレイライン矯正,水戸常北歯科,〒311-4303,茨城県東茨城郡城里町石塚1428-1,JR「水戸駅」より車で約30分
kireiline_033,キレイライン矯正,原田歯科医院,〒310-0852,茨城県水戸市笠原町978-39,JR「水戸駅」南口より車で約10分
kireiline_034,キレイライン矯正,大宮駅前矯正歯科クリニック,〒330-0846,埼玉県さいたま市大宮区大門町2-22-1 TAiGAビル3F,JR「大宮駅」東口より徒歩3分
kireiline_035,キレイライン矯正,柳崎歯科矯正クリニック (旧：すみれ歯科),〒333-0861,埼玉県川口市柳崎5-1-1 ツカサビル1F,JR武蔵野線「東浦和駅」より徒歩13分
kireiline_036,キレイライン矯正,医療法人社団彩明会 熊谷デンタルクリニック,〒360-0037,埼玉県熊谷市筑波2-56-3 渡辺総合ビル2F,JR「熊谷駅」北口より徒歩2分
kireiline_037,キレイライン矯正,コレクトデンタルクリニック 船橋,〒273-0005,千葉県船橋市本町6-4-28 竹内ビル2F,JR「船橋駅」北口より徒歩3分
kireiline_038,キレイライン矯正,コレクトデンタルクリニック 柏,〒277-0005,千葉県柏市柏1-5-15 一二三堂ビル3F,JR「柏駅」東口より徒歩2分
kireiline_039,キレイライン矯正,緑のテラス歯科クリニック,〒270-0139,千葉県流山市おおたかの森南1-5-1 おおたかの森SC本館3F,つくばエクスプレス・東武アーバンパークライン「流山おおたかの森駅」南口直結
kireiline_040,キレイライン矯正,千葉ニュータウン河合歯科矯正歯科,〒270-1337,千葉県印西市草深字原2031-2,北総線「千葉ニュータウン中央駅」より徒歩10分
kireiline_041,キレイライン矯正,栗山公園Dental Office(旧：はなさき歯科),〒183-0056,東京都府中市寿町2-4-42,京王線「府中駅」北口より徒歩7分
kireiline_042,キレイライン矯正,横浜DDデンタルクリニック,〒220-0004,神奈川県横浜市西区北幸1-1-8 エキニア横浜7F,JR「横浜駅」西口より徒歩1分
kireiline_043,キレイライン矯正,コレクトデンタルクリニック 茅ヶ崎,〒253-0043,神奈川県茅ヶ崎市元町4-3,JR「茅ヶ崎駅」北口より徒歩3分
kireiline_044,キレイライン矯正,湘南メディケア歯科・矯正歯科,〒251-0047,神奈川県藤沢市辻堂2-7-1 湘南パールビル2F,JR「辻堂駅」南口より徒歩1分
kireiline_045,キレイライン矯正,医療法人社団 追浜歯科医院,〒237-0064,神奈川県横須賀市追浜町3-1,京急本線「追浜駅」より徒歩1分
kireiline_046,キレイライン矯正,川崎フロンティア歯科,〒210-0007,神奈川県川崎市川崎区駅前本町26-1 アトレ川崎7F,JR「川崎駅」中央東口より徒歩1分
kireiline_047,キレイライン矯正,新丸子デンタルクリニック,〒211-0005,神奈川県川崎市中原区新丸子町738,東急東横線「新丸子駅」西口より徒歩1分
kireiline_048,キレイライン矯正,新潟矯正歯科クリニック,〒950-0088,新潟県新潟市中央区万代1-1-32 プリオール万代2F,JR「新潟駅」万代口より徒歩7分
kireiline_049,キレイライン矯正,ブレス・デザイン デンタルオフィス,〒950-0916,新潟県新潟市中央区米山2-7-20,JR「新潟駅」南口より徒歩8分
kireiline_050,キレイライン矯正,コレクトデンタルクリニック 金沢,〒920-0981,石川県金沢市片町1-1-29 香林坊ファーストビル2F,北陸鉄道石川線「野町駅」より徒歩15分
kireiline_051,キレイライン矯正,ひかる歯科医院,〒921-8801,石川県野々市市御経塚2-91,JR北陸本線「野々市駅」より徒歩10分
kireiline_052,キレイライン矯正,うちだ歯科クリニック,〒920-0348,石川県金沢市松村1-365,北陸鉄道バス「松村町」停留所より徒歩2分
kireiline_053,キレイライン矯正,ケンデンタルクリニック岐阜,〒500-8381,岐阜県岐阜市市橋2-5-3,JR「西岐阜駅」より徒歩10分
kireiline_054,キレイライン矯正,ケンデンタルクリニック モレラ岐阜院,〒501-0497,岐阜県本巣市三橋1100 モレラ岐阜2F,樽見鉄道「モレラ岐阜駅」直結
kireiline_055,キレイライン矯正,静岡呉服町デンタル矯正歯科,〒420-0031,静岡県静岡市葵区呉服町2-1-1 札の辻クロス2F,JR「静岡駅」北口より徒歩8分
kireiline_056,キレイライン矯正,名古屋DDデンタルクリニック,〒450-0002,愛知県名古屋市中村区名駅3-13-31 名駅モリシタビル7F,JR「名古屋駅」桜通口より徒歩5分
kireiline_057,キレイライン矯正,名古屋ウィズ歯科・矯正歯科,〒450-0002,愛知県名古屋市中村区名駅3-28-12 大名古屋ビルヂング10F,JR「名古屋駅」桜通口より徒歩3分
kireiline_058,キレイライン矯正,名駅アール歯科・矯正歯科,〒450-0002,愛知県名古屋市中村区名駅3-13-28 名駅セブンスタービル2F,JR「名古屋駅」桜通口より徒歩5分
kireiline_059,キレイライン矯正,エスカ歯科・矯正歯科,〒453-0015,愛知県名古屋市中村区椿町6-9 エスカ地下街,JR「名古屋駅」太閤通口より徒歩1分
kireiline_060,キレイライン矯正,名古屋ルミナス歯科・矯正歯科,〒450-0002,愛知県名古屋市中村区名駅3-13-28 名駅セブンスタービル3F,JR「名古屋駅」桜通口より徒歩5分
kireiline_061,キレイライン矯正,名古屋茶屋歯科・矯正歯科,〒455-0858,愛知県名古屋市港区西茶屋2-11 イオンモール名古屋茶屋1F,あおなみ線「荒子川公園駅」よりバスで約20分
kireiline_062,キレイライン矯正,岡崎エルエル歯科・矯正歯科,〒444-0840,愛知県岡崎市戸崎町字外山38-5 イオンモール岡崎1F,JR「岡崎駅」よりバスで約10分
kireiline_063,キレイライン矯正,名古屋あおい歯科・矯正歯科【旧：葵デンタルデザインオフィス】,〒461-0004,愛知県名古屋市東区葵1-17-14 エルブ葵1F,地下鉄東山線「新栄町駅」1番出口より徒歩2分
kireiline_064,キレイライン矯正,名古屋みなみ歯科・矯正歯科,〒457-0841,愛知県名古屋市南区豊田4-9-47,名鉄常滑線「道徳駅」より徒歩10分
kireiline_065,キレイライン矯正,ケンデンタルクリニック小牧医院,〒485-0029,愛知県小牧市中央1-260,名鉄小牧線「小牧駅」より徒歩5分
kireiline_066,キレイライン矯正,アピタ知立ファミリー歯科・矯正歯科,〒472-0045,愛知県知立市長篠町大山18-1 アピタ知立店2F,名鉄名古屋本線「牛田駅」より徒歩15分
kireiline_067,キレイライン矯正,ワイズ歯科矯正歯科＋KIDS イオン小牧店,〒485-0026,愛知県小牧市東1-126 イオン小牧店2F,名鉄小牧線「小牧駅」より徒歩10分
kireiline_068,キレイライン矯正,安城さくらい歯科・矯正歯科,〒446-0072,愛知県安城市住吉町3-5-28,名鉄名古屋本線「新安城駅」より徒歩10分
kireiline_069,キレイライン矯正,桑名はらだ歯科クリニック,〒511-0912,三重県桑名市星川785,三岐鉄道北勢線「星川駅」より徒歩5分
kireiline_070,キレイライン矯正,京都四条矯正歯科クリニック,〒600-8492,京都府京都市下京区四条通新町東入月鉾町47-3,阪急京都線「烏丸駅」24番出口より徒歩1分
kireiline_071,キレイライン矯正,梅田駅前矯正歯科クリニック,〒530-0012,大阪府大阪市北区芝田2-1-18 西阪急ビル7F,阪急「大阪梅田駅」茶屋町口より徒歩1分
kireiline_072,キレイライン矯正,心斎橋DDデンタルクリニック,〒542-0081,大阪府大阪市中央区南船場3-6-18 ケーズビル心斎橋5F,大阪メトロ御堂筋線「心斎橋駅」1番出口より徒歩2分
kireiline_073,キレイライン矯正,新福島 ホワイトノア歯科 矯正歯科,〒553-0003,大阪府大阪市福島区福島4-5-47,JR東西線「新福島駅」2番出口より徒歩3分
kireiline_074,キレイライン矯正,堺MK歯科クリニック,〒590-0028,大阪府堺市堺区三国ヶ丘御幸通59 南海堺東駅ビル3F,南海高野線「堺東駅」直結
kireiline_075,キレイライン矯正,ひらおかデンタルクリニック,〒579-8036,大阪府東大阪市鷹殿町1-1,近鉄奈良線「瓢箪山駅」より徒歩10分
kireiline_076,キレイライン矯正,神戸三ノ宮駅前デンタル矯正歯科,〒651-0094,兵庫県神戸市中央区琴ノ緒町5-3-5 グリーンシャポービル2F,JR「三ノ宮駅」東口より徒歩1分
kireiline_077,キレイライン矯正,神戸北野Nデンタルクリニック,〒650-0001,兵庫県神戸市中央区加納町3-2-1 ICOビル1F,JR「三ノ宮駅」より徒歩7分
kireiline_078,キレイライン矯正,ウインデンタルオフィス WIN Dental Office,〒650-0021,兵庫県神戸市中央区三宮町1-4-9 ワコーレ神戸三宮ビル2F,JR「三ノ宮駅」西口より徒歩5分
kireiline_079,キレイライン矯正,エミ内科歯科クリニック,〒651-0094,兵庫県神戸市中央区琴ノ緒町5-3-5 グリーンシャポービル3F,JR「三ノ宮駅」東口より徒歩1分
kireiline_080,キレイライン矯正,岡本矯正歯科,〒658-0072,兵庫県神戸市東灘区岡本1-13-7 デコール岡本2F,阪急神戸線「岡本駅」南口より徒歩1分
kireiline_081,キレイライン矯正,かのう歯科医院,〒670-0802,兵庫県姫路市砥堀字中道ノ上222-1,JR播但線「砥堀駅」より徒歩5分
kireiline_082,キレイライン矯正,けしごやまビーンズ歯科クリニック,〒651-2273,兵庫県神戸市西区糀台5-2-3,神戸市営地下鉄西神・山手線「西神中央駅」より徒歩3分
kireiline_083,キレイライン矯正,岡山みなみ歯科クリニック,〒700-0945,岡山県岡山市南区新保1615-1,JR「備前西市駅」より車で約5分
kireiline_084,キレイライン矯正,くれいし歯科クリニック 西川原院,〒703-8258,岡山県岡山市中区西川原1-15-20,JR「西川原駅」より徒歩5分
kireiline_085,キレイライン矯正,茶屋町みやけ歯科医院,〒701-0114,岡山県倉敷市茶屋町233-2,JR「茶屋町駅」より徒歩3分
kireiline_086,キレイライン矯正,まつしま歯科,〒700-0975,岡山県岡山市北区今7-23-18,JR「北長瀬駅」より車で約7分
kireiline_087,キレイライン矯正,しんご歯科,〒700-0975,岡山県岡山市北区今7-23-18,JR「北長瀬駅」より車で約7分
kireiline_088,キレイライン矯正,のぞみデンタルクリニック,〒700-0975,岡山県岡山市北区今7-23-18,JR「北長瀬駅」より車で約7分
kireiline_089,キレイライン矯正,おさふねフレンド歯科,〒701-0303,岡山県都窪郡早島町前潟616-1,JR「早島駅」より車で約5分
kireiline_090,キレイライン矯正,さかい歯科クリニック,〒700-0975,岡山県岡山市北区今7-23-18,JR「北長瀬駅」より車で約7分
kireiline_091,キレイライン矯正,つつみ歯科クリニック,〒700-0975,岡山県岡山市北区今7-23-18,JR「北長瀬駅」より車で約7分
kireiline_092,キレイライン矯正,厚南ハピネス歯科,〒757-0001,山口県山陽小野田市厚狭1-1-1,JR「厚狭駅」より徒歩3分
kireiline_093,キレイライン矯正,スガタ歯科医院,〒753-0211,山口県山口市大内長野611-1,JR「山口駅」より車で約10分
kireiline_094,キレイライン矯正,天神駅前矯正歯科クリニック,〒810-0001,福岡県福岡市中央区天神2-8-38 協和ビル6F,福岡市地下鉄空港線「天神駅」4番出口より徒歩1分
kireiline_095,キレイライン矯正,天神西通りデンタルクリニック,〒810-0041,福岡県福岡市中央区大名2-1-53 天神吉田ビル2F,福岡市地下鉄空港線「天神駅」2番出口より徒歩3分
kireiline_096,キレイライン矯正,さとう歯科医院,〒810-0001,福岡県福岡市中央区天神2-8-38 協和ビル6F,福岡市地下鉄空港線「天神駅」4番出口より徒歩1分
kireiline_097,キレイライン矯正,スマイル髙城歯科【旧：スマイル歯科】,〒870-0154,大分県大分市高城西町32-15,JR日豊本線「高城駅」より徒歩10分
kireiline_098,キレイライン矯正,椿原松尾歯科,〒870-0035,大分県大分市中央町2-6-4,JR「大分駅」より徒歩7分
kireiline_099,キレイライン矯正,うれしの・山口歯科医院,〒843-0301,佐賀県嬉野市嬉野町大字下宿乙2199-1,JR「武雄温泉駅」より車で約20分
kireiline_100,キレイライン矯正,田口歯科医院,〒860-0845,熊本県熊本市中央区上通町1-1 NK第1ビル2F,熊本市電「通町筋駅」より徒歩1分
kireiline_101,キレイライン矯正,熊本上通矯正歯科クリニック,〒860-0845,熊本県熊本市中央区上通町1-1 NK第1ビル2F,熊本市電「通町筋駅」より徒歩1分
kireiline_102,キレイライン矯正,医療法人ひじい歯科医院,〒862-0950,熊本県熊本市中央区水前寺1-18-1,JR「水前寺駅」より徒歩5分
kireiline_103,キレイライン矯正,小野歯科医院,〒862-0950,熊本県熊本市中央区水前寺1-18-1,JR「水前寺駅」より徒歩5分
kireiline_104,キレイライン矯正,医療法人 松永歯科クリニック,〒862-0950,熊本県熊本市中央区水前寺1-18-1,JR「水前寺駅」より徒歩5分
kireiline_105,キレイライン矯正,青山歯科医院,〒862-0950,熊本県熊本市中央区水前寺1-18-1,JR「水前寺駅」より徒歩5分
kireiline_106,キレイライン矯正,これえだ歯科医院,〒862-0950,熊本県熊本市中央区水前寺1-18-1,JR「水前寺駅」より徒歩5分
kireiline_107,キレイライン矯正,うえだ歯科,〒862-0950,熊本県熊本市中央区水前寺1-18-1,JR「水前寺駅」より徒歩5分
ws_001,ウィスマイル,A CLINIC デンタル,〒104-0061,東京都中央区銀座5丁目13-19デュ-プレックス銀座タワ-5/13 12階,東銀座駅0分／銀座駅3分
ws_002,ウィスマイル,恵比寿ガーデンデンタルクリニック,〒150-0013,東京都渋谷区恵比寿3-9-20恵比寿ガ-デンイ-ストビル1F,恵比寿駅3分
ws_003,ウィスマイル,ルーチェマウスピース矯正歯科,〒107-0062,東京都港区南青山5丁目5番4号ル-チェ南青山 A棟B1F,表参道駅3分
ws_004,ウィスマイル,You矯正歯科 新宿医院,〒160-0023,東京都新宿区西新宿3-2-27オ-チュ-ビル第7ビル7階,新宿駅8分
ws_005,ウィスマイル,ピュアリオ歯科・矯正歯科 銀座有楽町院,〒104-0061,東京都中央区銀座一丁目4-8銀座ビックウエストビル5号館5F,銀座一丁目駅1分/有楽町駅3分
ws_006,ウィスマイル,銀座さいとう矯正歯科,〒104-0061,東京都中央区銀座5-4-7銀座サワモトビル3階,銀座駅1分
ws_007,ウィスマイル,目黒リリー歯科・矯正歯科,〒153-0063,東京都目黒区目黒2-8-10K-TREE目黒1Ｆ,目黒駅7分
ws_008,ウィスマイル,赤羽歯科 池袋診療所 サンシャイン60-8Ｆ,〒170-6008,東京都豊島区東池袋3-1-1サンシャイン60-8F,池袋駅8分
ws_009,ウィスマイル,大森駅ファミリー歯科・矯正歯科,〒143-0023,東京都大田区山王1-7-4ミュ-ジションプラス大森山王1階,大森駅5分
ws_010,ウィスマイル,岸上歯科クリニック,〒107-0061,東京都港区北青山3-13-1北青山関根ビル1F,表参道駅3分
ws_011,ウィスマイル,You矯正歯科 池袋西口院,〒171-0021,東京都豊島区西池袋1-3-6アウルコ-ト 5階,池袋駅1分
ws_012,ウィスマイル,ココロデンタル西麻布,〒106-0031,東京都港区西麻布4-1-5同栄ビル6階,六本木駅10分
ws_013,ウィスマイル,You矯正歯科　渋谷医院,〒150-0002,東京都渋谷区渋谷1-8-8新栄宮益ビル4階,渋谷駅5分
ws_014,ウィスマイル,ビーンズ歯科,〒175-0083,東京都板橋区徳丸3-17-5手塚ビル1階,東武練馬駅2分
ws_015,ウィスマイル,南砂町リタ・デンタルクリニック,〒136-0076,東京都江東区南砂2-33-3リビオメゾン南砂町1階,南砂町駅10分
ws_016,ウィスマイル,池袋はならび矯正歯科,〒171-0014,東京都豊島区池袋2-7-5ソラ-レ3階,池袋駅1分
ws_017,ウィスマイル,ホワイトエッセンス成城クリニック,〒157-0066,東京都世田谷区成城6-8-6サラブライト成城ビル5F,成城学園前駅1分
ws_018,ウィスマイル,赤羽歯科 信濃町診療所,〒160-0016,東京都新宿区信濃町8外苑北SRCビル3F,信濃町駅3分
ws_019,ウィスマイル,かんぱち歯科,〒158-0098,東京都世田谷区上用賀3-20-4,用賀駅10分
ws_020,ウィスマイル,新宿さいとう矯正歯科,〒160-0023,東京都新宿区西新宿1-19-6山手新宿ビル9階,新宿駅1分
ws_021,ウィスマイル,シールズデンタルクリニック　東池袋院,〒171-0022,東京都豊島区南池袋 2-47-6パレス南池袋 1F,池袋駅7分
ws_022,ウィスマイル,シールズデンタルクリニック　西池袋院,〒171-0021,東京都豊島区西池袋2-34-80,池袋駅5分
ws_023,ウィスマイル,新宿デンタルオフィス,〒169-0074,東京都新宿区北新宿1-1-17ウインド北新宿4F,大久保駅2分
ws_024,ウィスマイル,You矯正歯科　銀座医院,〒104-0061,東京都中央区銀座5-5-18銀座藤小西ビル5F,銀座駅1分
ws_025,ウィスマイル,うえの矯正デンタルクリニック,〒110-0015,東京都台東区東上野3丁目35-10クレイシア上野101,稲荷町駅1分
ws_026,ウィスマイル,外苑前TAメディカルデンタルクリニック,〒107-0062,東京都港区南青山2丁目14-21,外苑前駅4分
ws_027,ウィスマイル,アンデルト歯科・矯正歯科,〒150-0043,東京都渋谷区道玄坂2丁目25-12道玄坂通2F,渋谷駅2分
ws_028,ウィスマイル,You矯正歯科 青山医院,〒107-0062,東京都港区南青山2-12-15ユニマット外苑ビル6F,外苑前駅2分
ws_029,ウィスマイル,新宿セントラルパーク歯科,〒160-0023,東京都新宿区西新宿４丁目１４−３ライフコ-ポ土屋 2F,西新宿五丁目駅3分
ws_030,ウィスマイル,ハイライフ日本橋歯科医院,〒103-0027,東京都中央区日本橋3-8-14日本橋ビル4F,日本橋駅2分
ws_031,ウィスマイル,おおじま駅前歯科・大島駅前矯正歯科,〒136-0072,東京都江東区大島６丁目２６−７太田ビル1F,大島駅3分
ws_032,ウィスマイル,サニタス歯科・矯正歯科クリニック 東長崎,〒171-0052,東京都豊島区南長崎5-25-15,東長崎駅1分
ws_033,ウィスマイル,ワハハ総合デンタル 東京銀座モンブランビルクリニック,〒104-0061,東京都中央区銀座7-9-11モンブランGINZABldg 10F,銀座駅5分
ws_034,ウィスマイル,中延昭和通り歯科,〒142-0053,東京都品川区中延3-1-4,荏原中延駅1分
ws_035,ウィスマイル,豊洲海の見える歯科・矯正歯科,〒135-0061,東京都江東区豊洲5-1-13ブランズタワ-豊洲1階,豊洲駅3分
ws_036,ウィスマイル,You矯正歯科　横浜医院,〒221-0835,神奈川県横浜市神奈川区鶴屋町2-10-5YT10ビル7階,横浜駅5分
ws_037,ウィスマイル,ソラーレ歯科・矯正歯科 そよら横浜高田院,〒223-0066,神奈川県横浜市港北区高田西1-1-47そよら横浜高田２F,高田駅1分
ws_038,ウィスマイル,横浜関内矯正歯科ブランシュ,〒231-0047,神奈川県横浜市中区羽衣町2-5-3ウエルカ-サ横浜関内1F,関内駅4分
ws_039,ウィスマイル,あきもと歯科,〒221-0866,神奈川県横浜市神奈川区羽沢南2-44-7HAZAAR 4F,羽沢横浜国大駅1分
ws_040,ウィスマイル,アス港北歯科クリニック,〒224-0032,神奈川県横浜市都筑区茅ヶ崎中央5-1　港北 TOKYU S.C. 4階,センター南駅1分
ws_041,ウィスマイル,アス横浜歯科クリニック,〒232-0053,神奈川県横浜市南区井土ヶ谷下町215-1　マルエツ井土ヶ谷 別棟,井土ヶ谷駅30秒
ws_042,ウィスマイル,横浜さいとう矯正歯科,〒220-0004,神奈川県横浜市西区北幸1-6-1横浜ファ-ストビル15階,横浜駅直結
ws_043,ウィスマイル,吉見医科歯科クリニック,〒330-0063,埼玉県さいたま市浦和区高砂1-13-12MiRiスクエア4階,浦和駅1分
ws_044,ウィスマイル,新所沢ぎぼ歯科・矯正歯科クリニック,〒359-0044,埼玉県所沢市松葉町2-22矢島ビル2階,新所沢駅1分
ws_045,ウィスマイル,指扇駅前いしはま歯科クリニック,〒331-0062,埼玉県さいたま市西区土屋594-1鈴木第2ビル2F,指扇駅1分
ws_046,ウィスマイル,柳崎歯科矯正クリニック,〒333-0861,埼玉県川口市柳崎5-1-1ツカサビル1F,東浦和駅13分
ws_047,ウィスマイル,田中歯科医院,〒277-0025,千葉県柏市千代田3-15-1クセレントビル2階,柏駅15分
ws_048,ウィスマイル,千葉総合歯科稲毛 矯正歯科,〒263-0043,千葉県千葉市稲毛区小仲台2-5-3稲栄ビル1F・6F・7F,稲毛駅30秒
ws_049,ウィスマイル,丹野歯科医院,〒323-0024,栃木県小山市宮本町3-8-29,小山駅5分
ws_050,ウィスマイル,名古屋ウィズ歯科・矯正歯科,〒450-0002,愛知県名古屋市中村区名駅２丁目４４番２号オ-キッドＧビル２階,名古屋駅1分
ws_051,ウィスマイル,アピタ知立ファミリー歯科・矯正歯科,〒472-0045,愛知県知立市長篠町大山18-1ギャラリエアピタ知立店2階,牛田駅13分
ws_052,ウィスマイル,名駅ファイン歯科・矯正歯科,〒450-0002,愛知県名古屋市中村区名駅4-8エニシオ名駅6階,名古屋駅1分
ws_053,ウィスマイル,名古屋さいとう矯正歯科,〒450-0002,愛知県名古屋市中村区名駅4-8エニシオ名駅7階,名古屋駅1分
ws_054,ウィスマイル,名駅アール歯科・矯正歯科,〒450-0002,愛知県名古屋市中村区名駅四丁目１０番２５号名駅ＩＭＡＩビル１１階,名古屋駅1分
ws_055,ウィスマイル,名古屋イースト歯科・矯正歯科,〒465-0033,愛知県名古屋市名東区明が丘124-1amiamiビル1階,藤が丘駅1分
ws_056,ウィスマイル,アルティメイト栄歯科・矯正歯科,〒460-0003,愛知県名古屋市中区錦3-15-33アルティメイト錦大津通3F,栄駅1分
ws_057,ウィスマイル,名古屋やごと歯科・矯正歯科,〒466-0834,愛知県名古屋市昭和区広路町石坂2-1イオン八事店4階,八事駅2分
ws_058,ウィスマイル,エスカ歯科・矯正歯科,〒453-0015,愛知県名古屋市中村区椿町６番９号先エスカ地下街,名古屋駅1分
ws_059,ウィスマイル,名古屋茶屋歯科・矯正歯科,〒455-0858,愛知県名古屋市港区西茶屋2丁目11イオンモ-ル名古屋茶屋1階,イオンモール名古屋茶屋前
ws_060,ウィスマイル,名古屋ルミナス歯科・矯正歯科,〒454-0812,愛知県名古屋市中川区五月通２丁目３７番黄金ステ-ションビル２階,市名古屋市営バス「五月通」1分
ws_061,ウィスマイル,ケンデンタルクリニック 小牧医院,〒485-0041,愛知県小牧市小牧3-555ラピオ4階 （アルプラザ小牧）,名鉄小牧駅5分
ws_062,ウィスマイル,ケンデンタルクリニック 江南医院,〒483-8342,愛知県江南市松竹町上野２０５ヴィアモ-ルアピタ 2F,江南駅25分
ws_063,ウィスマイル,ワイズ歯科矯正歯科＋KIDS イオン小牧店,〒485-0831,愛知県小牧市東1-126イオン小牧1階,小牧駅17分
ws_064,ウィスマイル,ケンデンタルクリニック 犬山医院,〒484-0065,愛知県犬山市五郎丸東3-34,岐阜バス「総合犬山中央病院東」2分
ws_065,ウィスマイル,金山ファイン歯科・矯正歯科,〒460-0022,愛知県名古屋市中区金山1-15-10メイフィス金山駅前ビル6階,金山駅2分
ws_066,ウィスマイル,静間歯科医院,〒475-0921,愛知県半田市天神町51-10,成岩駅8分
ws_067,ウィスマイル,小木曽歯科医院,〒399-4113,長野県駒ヶ根市赤須町9-15,駒ヶ根駅10分
ws_068,ウィスマイル,ケンデンタルクリニック 岐阜医院,〒501-6115,岐阜県岐阜市柳津町丸野３丁目３−６カラフルタウン 岐阜 2F,柳津駅15分
ws_069,ウィスマイル,歯科天陽堂柴田医院,〒431-0302,静岡県湖西市新居町新居3354-1,新居町8分
ws_070,ウィスマイル,You矯正歯科 大阪梅田医院,〒530-0001,大阪府大阪市北区梅田2-4-9ブリ-ゼブリ-ゼ 5F,大阪駅／北新地駅5分
ws_071,ウィスマイル,ルセラ歯科・矯正歯科 堺,〒587-8577,大阪府堺市美原区黒山22-1ららぽ-と堺2F,南海バス「美原区役所前」5分
ws_072,ウィスマイル,増田歯科医院 京橋院,〒534-0024,大阪府大阪市都島区東野田町1-6-16ワタヤコスモスビル3階,京橋駅1分
ws_073,ウィスマイル,新福島 ホワイトノア歯科 矯正歯科,〒553-0003,大阪府大阪市福島区福島4-5-47,新福島駅1分
ws_074,ウィスマイル,かわさと歯科・矯正歯科,〒530-0002,大阪府大阪市北区曽根崎新地1-4-20桜橋IMビル4階,北新地駅1分
ws_075,ウィスマイル,いちき歯科,〒530-0044,大阪府堺市北区東天満1-10-10サンファ-スト南森町2F,南森町駅1分
ws_076,ウィスマイル,増田歯科医院 守口院,〒570-0015,大阪府守口市梶町4-63-7,古川橋駅20分
ws_077,ウィスマイル,AKIデンタルクリニック,〒545-6021,大阪府大阪市阿倍野区阿倍野筋1-1-43あべのハルカスタワ-館21階,天王寺駅5分
ws_078,ウィスマイル,RYOデンタルクリニック,〒542-0085,大阪府大阪市中央区心斎橋筋2-7-18プライムスクエア心斎橋ビル5F,心斎橋駅5分/なんば駅5分
ws_079,ウィスマイル,クマシロ歯科診療所,〒571-0067,大阪府門真市石原町5-24日光ハイツ1F,古川橋駅5分
ws_080,ウィスマイル,うえだ歯科クリニック,〒562-0023,大阪府箕面市粟生間谷西１丁目１−６,阪急バス「尼谷」1分
ws_081,ウィスマイル,&DENTAL谷町4丁目歯科・矯正歯科,〒540-0028,大阪府大阪市中央区常盤町2-1-13アドバンスビル本町1階,谷町四丁目駅4分
ws_082,ウィスマイル,京都下鴨ライフ歯科・矯正歯科・小児歯科,〒606-0826,京都府京都市左京区下鴨西本町39,北山駅13分
ws_083,ウィスマイル,クラッセ歯科・矯正歯科,〒658-0054,兵庫県神戸市東灘区御影中町3-2-1御影クラッセ4F,御影駅直通
ws_084,ウィスマイル,神戸三宮ヨシダファミリー歯科・矯正歯科クリニック,〒651-0087,兵庫県神戸市中央区御幸通4-2-9アベニュ-御幸ビル101,三宮駅5分
ws_085,ウィスマイル,宝塚ライフ歯科・矯正歯科,〒665-0845,兵庫県宝塚市栄町1-9-51,宝塚駅8分
ws_086,ウィスマイル,神戸セントレース歯科・矯正歯科,〒650-0021,兵庫県神戸市中央区三宮町1丁目4−3クレフィ三宮8階,神戸三宮駅3分
ws_087,ウィスマイル,西宮北口ライフ歯科・矯正歯科・小児歯科,〒663-8204,兵庫県西宮市高松町3-361階,西宮北口1分
ws_088,ウィスマイル,なかたに歯科クリニック,〒652-0898,兵庫県神戸市兵庫区駅前通1-2-1アルバビル3・4F,兵庫駅1分
ws_089,ウィスマイル,宝塚歯科H&L,〒665-0004,兵庫県宝塚市梅野町1-48宝南ショップス2階,宝塚南口駅1分
ws_090,ウィスマイル,西宮北口駅前歯科,〒662-0833,兵庫県西宮市北昭和町2-19,西宮北口駅4分
ws_091,ウィスマイル,ブランチ大津京デンタルクリニック,〒520-0021,滋賀県大津市二本松1-1ブランチ大津京A棟2F,江若交通「競輪場前」1分
ws_092,ウィスマイル,You矯正歯科 広島駅前医院,〒732-0822,広島県広島市南区松原町5-1ビッグフロント広島４階,広島駅3分
ws_093,ウィスマイル,木村歯科・矯正歯科,〒734-0014,広島県広島市南区宇品西5-11-1-104,広島バス「宇品西三丁目」1分
ws_094,ウィスマイル,木村歯科医院 黒瀬院,〒739-2612,広島県東広島市黒瀬町丸山1420-1,JRバス中国「黒瀬支所前」1分
ws_095,ウィスマイル,パセーラデンタルクリニック,〒730-0011,広島県広島市中区基町6-78クレドパセ-ラ9F,県庁前直結
ws_096,ウィスマイル,安芸津歯科医院,〒739-2403,広島県東広島市安芸津町風早3206,東広島市
ws_097,ウィスマイル,You矯正歯科 紙屋町医院,〒730-0031,広島県広島市中区紙屋町1-2-22広島トランヴェ-ルビル地下1F,紙屋町東電停１分
ws_098,ウィスマイル,ワハハ総合デンタル広島袋町クリニック,〒730-0036,広島県広島市中区袋町6-42深井ビル1階・5階,本通駅2分
ws_099,ウィスマイル,高田歯科口腔外科医院,〒761-8042,香川県高松市御厩町476高田整形外科医院３階,高松市
ws_100,ウィスマイル,中矢歯科医院,〒791-3152,愛媛県伊予郡松前町大字永田298−13,古泉駅15分
ws_101,ウィスマイル,田岡歯科・矯正歯科クリニック,〒780-8052,高知県高知市鴨部1-10-33,とさでん交通「旭町三丁目 」7分
ws_102,ウィスマイル,友枝歯科・矯正歯科クリニック福岡天神,〒810-0041,福岡県福岡市中央区大名2-6-50福岡大名ガ-デンシティ2F,天神駅3分
ws_103,ウィスマイル,福岡天神さいとう矯正歯科,〒810-0021,福岡県福岡市中央区今泉1-11-5ロクラス今泉 1F,福岡天神駅2分
ws_104,ウィスマイル,天神西通りデンタルクリニック,〒810-0041,福岡県福岡市中央区大名2-1-10ビ-ムス福岡ビル4階,福岡天神駅5分
ws_105,ウィスマイル,まりん歯科・小児歯科医院,〒800-0207,福岡県北九州市小倉南区沼緑町4-3-32,西鉄バス「沼団地」3分
ws_106,ウィスマイル,むらつ歯科クリニック,〒812-0011,福岡県福岡市博多区博多駅前3-26-29九勧博多ビル1階,博多駅5分
ws_107,ウィスマイル,ケイズ歯科・矯正歯科クリニック,〒803-0845,福岡県北九州市小倉北区上到津3-3-3アクロスプラザ到津2F,南小倉駅20分
ws_108,ウィスマイル,ドリーム歯科クリニック,〒810-0014,福岡県福岡市中央区平尾2-5-8西鉄平尾駅ビル3F,平尾駅直結
ws_109,ウィスマイル,周船寺ハローパークペガサス歯科クリニック,〒819-0374,福岡県福岡市西区千里701-14,周船寺駅12分
ws_110,ウィスマイル,愛デンタルクリニック,〒806-0023,福岡県北九州市八幡西区八千代町4-26,黒崎駅5分
ws_111,ウィスマイル,本城駅前ペガサス歯科クリニック,〒807-0803,福岡県北九州市八幡西区千代ケ崎1-15-5,本城駅2分
ws_112,ウィスマイル,ワハハ鹿児島中央駅歯科・マウスピース矯正,〒890-0045,鹿児島県鹿児島市武1-2-10JR鹿児島中央ビル AMUWE 3F,鹿児島中央駅1分
ws_113,ウィスマイル,ワハハキッズデンタルランド＆おとな歯科,〒899-5431,鹿児島県姶良市西餅田264-1イオンタウン姶良3F,帖佐駅10分
ws_114,ウィスマイル,よしどめデンタルクリニック マルヤガーデンズ,〒892-0826,鹿児島県鹿児島市呉服町6-5マルヤガ-デンズ4F,いづろ通駅4分
ws_115,ウィスマイル,上熊本駅わが輩通り歯科クリニック,〒860-0079,熊本県熊本市西区上熊本3-7-1メガセンタ-トライアル隣,上熊本駅4分
ws_116,ウィスマイル,郡山ラポール歯科,〒963-0209,福島県郡山市御前南5-74,郡山市
ws_117,ウィスマイル,仙台駅前歯科・矯正歯科,〒980-0021,宮城県仙台市青葉区中央1-8-40井門仙台駅前ビル5F,仙台駅1分
ws_118,ウィスマイル,かつき歯科クリニック,〒990-0810,山形県山形市馬見ヶ崎2-10-14,山交バス「北部市民プール前」8分
ws_119,ウィスマイル,ピュアリオ歯科・矯正歯科 札幌大通すすきの院,〒064-0805,北海道札幌市中央区南5条西3-8Ｎ・グランデビル 4階,すすきの駅1分／大通駅9分
ws_120,ウィスマイル,さいとう矯正歯科 大通院,〒060-0042,北海道札幌市中央区大通西3-8桂和大通ビル51 2F,大通駅1分
ws_121,ウィスマイル,さいとう矯正歯科 札幌宮の沢,〒063-0052,北海道札幌市西区宮の沢２条2‐4‐7,宮の沢駅8分
ws_122,ウィスマイル,ピュアリオ歯科・矯正歯科 田町三田院,〒108-0014,東京都港区芝5-14-14ビジデンス三慶3F,田町駅4分/三田駅3分
ws_123,ウィスマイル,渋谷F＆B矯正歯科・東京,〒150-0046,東京都渋谷区松濤1-29-1渋谷クロスロ-ドビル5階,渋谷駅5分
omt_001,Oh my teeth,東京表参道矯正歯科,〒107-0061,東京都港区北青山3-15-5 ポルトフィーノ1F,表参道駅徒歩3分
omt_002,Oh my teeth,東京銀座有楽町矯正歯科,〒100-0006,東京都千代田区有楽町2-10-1 東京交通会館2F,有楽町駅直結
omt_003,Oh my teeth,東京池袋矯正歯科,〒171-0021,東京都豊島区西池袋1-1-30 東武ホープセンター北地区B1F,池袋駅直結
omt_004,Oh my teeth,東京新宿矯正歯科,〒160-0021,東京都新宿区歌舞町1 新宿サブナードB1F,新宿駅直結
omt_005,Oh my teeth,大阪心斎橋矯正歯科,〒550-0015,大阪府大阪市西区南堀江1-15-9 南堀江コレット1F,四ツ橋駅徒歩5分/西大橋駅徒歩7分/心斎橋駅徒歩9分
omt_006,Oh my teeth,大阪梅田矯正歯科,〒530-0014,大阪府大阪市北区鶴野町1-9 M.VOLANTE UMEDA 7階,大阪駅徒歩6分/梅田駅徒歩4分
omt_007,Oh my teeth,名古屋名駅矯正歯科,〒450-0002,愛知県名古屋市中村区名駅4-2-28 THE EDGE名古屋 3階,名古屋駅徒歩5分
omt_008,Oh my teeth,福岡博多矯正歯科,〒812-0012,福岡県福岡市博多区博多駅中央街7-2 トヨタレンタリース博多駅前ビル 4階,博多駅筑紫口徒歩3分
